fran;till
Albert Bonniers Förlag;Bonnier
Albert Bonniers förlag;Bonnier
Bonnier;Bonnier
Bonniers;Bonnier
Bonnier Alba;Bonnier
Bonnier Audio;Bonnier
Bonnier Pocket;Bonnier Pocket
Aldus / Bonniers;Aldus/Bonnier
Aldus/Bonnier;Aldus/Bonnier
Aldus/Bonniers;Aldus/Bonnier
Bokförlaget Aldus;Aldus/Bonnier
Alfabeta bokförlag AB;Alfabeta
Bokförlaget Atlas;Atlas
Bokförlaget Forum;Forum
Bokförlaget Tranan;Tranan
Brombergs bokförlag;Brombergs
Brombergs förlag;Brombergs
Ellerströms förlag AB;Ellerströms förlag
J.W. Cappelen;Cappelen
J.W. Cappelens Forlag;Cappelen
J.W. Cappelens Forlag a.s;Cappelen
HarperCollins Publishers;HarperCollins
Lindelöws;Lindelöws bokförlag
Lindelöws Bokförlag;Lindelöws bokförlag
MBM förlag;MBM
mbm förlag;MBM
Mix bokförlag;Mix
Mix Förlag;Mix
MånPocket;Månpocket
Natur & Kultur Allmänlitteratur;Natur & Kultur
Natur och Kultur;Natur & Kultur
Norstedts Förlag;Norstedts
Scribner / Simon & Schuster;Scribner
Sjösala Förlag;Sjösala
Tidens Bokklubb;Tiden
Tidens Ryska Klassiker;Tiden
Tre Böcker Förlag AB;Tre böcker
Vintage Books;Vintage
nemira publishing house;Nemira
Cleveland: World Publishing Company;World Publishing Company
Andy Weir / Galactanet;Galactanet
Random House Inc;Random House
Knopf Publishing Group;Knopf
Audible Inc;Audible
Blackstone Audio, Inc.;Blackstone Audio
