goodreads_id;titel;genre
29425;Indecision;Romaner
50467;Bring Me Your Love;Noveller
141526;Pulp: Charles Bukowski's Final Hardboiled Noir Comedy – Lady Death, Aliens, and the Absurd;Romaner
147108;Don't Tell Me the Truth About Love;Noveller
6798492;William Wilson;Noveller
22821206;På helig mark;Noveller
41156959;A Clean Well-Lighted Place;Noveller
17857326;Rummets rymder;Sakprosa
212310738;The Haunter of the Dark;Noveller
18864;The Rum Diary;Romaner
5107;The Catcher in the Rye;Romaner
86147;Bright Lights, Big City;Romaner
13422761;Spår i snön;Noveller
29565581;David Brodies rapport & Gåvornas natt;Noveller
22521291;The Story of an Hour;Noveller
30079724;Homesick for Another World;Noveller
18144590;The Alchemist;Romaner
11449;Cathedral;Noveller
2588538;Red Wind: A Collection of Short Stories;Noveller
153590;Playback (Philip Marlowe, #7);Romaner
1902140;Smart-Aleck Kill;Noveller
44002159;Korta texter om det öppna och ouppklarade (Den oplanerade trilogin, #02);Noveller
17563539;The Egg;Noveller
13173393;The Lady with the Little Dog;Noveller
25765005;The Chemist's Wife;Noveller
41971803;Пари;Noveller
24241486;The School;Noveller
17339825;The End of Something;Noveller
13239934;Indian Camp ;Noveller
13239950;Hills Like White Elephants;Noveller
44334643;A Day's Wait;Noveller
17898757;The Capital of the World;Noveller
52487014;A Very Old Man with Enormous Wings;Noveller
29236433;Odessa Stories;Noveller
24161169;A Girl I Knew;Noveller
26090293;Dot Con: The Art of Scamming a Scammer;Sakprosa
50754040;Mr. Preble Gets Rid of His Wife;Noveller
19183736;The Secret Life of Walter Mitty;Noveller
13495668;Trøst;Romaner
28110195;The Lottery in Babylon;Noveller
18901593;"Les Révoltés de la ""Bounty""";Noveller
60655452;Världsbokdagen 23 april 1998: Med blottat huvud, Septemberrosor;Noveller
55359887;EPICAC;Noveller
56973191;The Souvenir;Noveller
17278037;Vagabondnoveller;Noveller
18975560;It Works: The Famous Little Red Book That Makes Your Dreams Come True!;Sakprosa
30975541;I Could See the Smallest Things;Noveller
32451310;I'll Be Waiting - a Philip Marlowe / Tony Reseck Short Story (Tony Reseck);Noveller
32499623;the bronze door;Noveller
2075129;Do Travel Writers Go to Hell?: A Swashbuckling Tale of High Adventures, Questionable Ethics, and Professional Hedonism;Sakprosa
55851582;Bullet in the Brain;Noveller
58594211;Halva Malmö består av killar som dumpat mig;Romaner
52024701;Fifty-Two Stories;Noveller
18310467;Expeditionen: Min kärlekshistoria;Sakprosa
52906393;Konsekvenser;Noveller
62090569;Har du försökt stänga av och slå på igen;Noveller
55079532;Om alla katter i världen försvann;Romaner
7712551;När jag fyller 40 ska jag vara snygg, rik och lycklig (och yngre);Romaner
35003763;Just nu är jag här;Romaner
28438982;Avd. för grubblerier;Romaner
42101995;Nora eller Brinn Oslo brinn;Romaner
51843999;Kaféet vid världens ände;Romaner
216978880;Den sista boken om mordet på Olof Palme;Sakprosa
58701707;Nya människor i fel ordning;Noveller
13484044;Mörkrets hjärta;Romaner
55301739;Resan till Sachalin;Reportage
15836492;Den sista ön;Reportage
18458190;Egenmäktigt förfarande;Romaner
45726936;"Cortés och Montezuma; Mexikos erövring";Sakprosa
285092;High Fidelity;Romaner
20387103;Nätternas gräs;Romaner
55082753;Handbok för språkpoliser;Sakprosa
50514226;Männen i mitt liv;Romaner
25149320;Göra sig kvitt Eddy Bellegueule;Romaner
