goodreads_id;bok;imdb_id;film;typ
26902092;Mord min älskling;tt0037101;Murder, My Sweet (1944);filmatisering
26902092;Mord min älskling;tt0072973;Farewell, My Lovely (1975);filmatisering
27650122;Kvinnan i sjön;tt0039545;Lady in the Lake (1946);filmatisering
27838860;Fönstret;tt0039217;The Brasher Doubloon (1947);filmatisering
31425941;Den lilla systern;tt0064638;Marlowe (1969);filmatisering
7791131;Att ha och inte ha;tt0037382;To Have and Have Not (1944);filmatisering
13499746;Farväl till vapnen;tt0022879;A Farewell to Arms (1932);filmatisering
7745;Fear and Loathing in Las Vegas;tt0120669;Fear and Loathing in Las Vegas (1998);filmatisering
18864;The Rum Diary;tt0376136;The Rum Diary (2011);filmatisering
22594781;På drift;tt0337692;On the Road (2012);filmatisering
285092;High Fidelity;tt0146882;High Fidelity (2000);filmatisering
386162;The Hitchhiker's Guide to the Galaxy;tt0371724;The Hitchhiker's Guide to the Galaxy (2005);filmatisering
86147;Bright Lights, Big City;tt0094799;Bright Lights, Big City (1988);filmatisering
25514449;Träff i helfigur;tt0094191;Träff i helfigur (1987);filmatisering
58594211;Halva Malmö består av killar som dumpat mig;tt31828121;Halva Malmö består av killar som dumpat mig (2025);filmatisering
18245983;Smutstvätt;tt0086410;Storie di ordinaria follia (1981);filmatisering
19183736;The Secret Life of Walter Mitty;tt0359950;The Secret Life of Walter Mitty (2013);fri tolkning
13484044;Mörkrets hjärta;tt0078788;Apocalypse Now (1979);fri tolkning
11449;Cathedral;tt0108122;Short Cuts (1993);filmatisering
18298098;Grannar;tt0108122;Short Cuts (1993);filmatisering
